﻿<parameters>
  <parameter name="IIS Web Application Name" defaultValue="Default Web Site/PALM" tags="IisApp">
    <parameterEntry kind="ProviderPath" scope="IisApp" match="^C:\\Development\\SLM\\SLM\ Solution\\Fujitsu\.SLM\.WebApp\\obj\\Release\\Package\\PackageTmp$" />
    <parameterEntry kind="ProviderPath" scope="setAcl" match="^C:\\Development\\SLM\\SLM\ Solution\\Fujitsu\.SLM\.WebApp\\obj\\Release\\Package\\PackageTmp$" />
  </parameter>
  <parameter name="RoleBasedAccessDataContext-Web.config Connection String" defaultValue="Data Source=MSDV-MAF-SQL;Initial Catalog=FujitsuRoleBasedAccess;Integrated Security=True">
    <parameterEntry kind="XmlFile" scope="C:\\Development\\SLM\\SLM\ Solution\\Fujitsu\.SLM\.WebApp\\obj\\Release\\Package\\PackageTmp\\Web\.config$" match="/configuration/connectionStrings/add[@name='RoleBasedAccessDataContext']/@connectionString" />
  </parameter>
  <parameter name="SLMDataContext-Web.config Connection String" defaultValue="Data Source=MSDV-MAF-SQL;Initial Catalog=SLM;Integrated Security=True">
    <parameterEntry kind="XmlFile" scope="C:\\Development\\SLM\\SLM\ Solution\\Fujitsu\.SLM\.WebApp\\obj\\Release\\Package\\PackageTmp\\Web\.config$" match="/configuration/connectionStrings/add[@name='SLMDataContext']/@connectionString" />
  </parameter>
</parameters>